,1_day_pvalue,7_day_pvalue,1_day_obs_diff,7_day_obs_diff
0,0.0362,0.0012,0.005905169787341458,0.008201298315205913
